FileName,Length,SHA256,Purpose
m02-01-pim-directory-readers-mfa-enforced.png,59574,2D95FD3CD89330A7AF4E9207403E9C6FB6D1D1945E841D9C5955C2A8AB8E1F9C,Directory Readers activation MFA remediation
m02-02-pim-user-administrator-default-settings.png,58213,99D9FBCE42B04BB919EEA8468FCB3E6090E330251F06A233707A1FBF44A34330,User Administrator pre-change role settings
m02-03-pim-user-administrator-hardened-settings.png,64137,75AE08E907EB909FAAB88190B524D3AB54DF063F86A7A22675EC3F907A6F7E89,User Administrator hardened activation and assignment settings
m02-04-pim-eligible-role-activation-available.png,46737,332DACCBB86EAF81B9B1F70AAD64A28F2ECA08B59252E17D749CB5EFB487D099,Eligible User Administrator role with activation action
m02-05-pim-user-administrator-activation-request-pending.png,31357,1A5A44D9C24FD29163CEFF56BD9530E43A50EC72E111E3F83543CB106177DF97,Activation request awaiting approval
m02-06-pim-user-administrator-active-assignment.png,49615,D67920008D89E9984861795A79F8F810878BB71E616EA62299E98913AE918075,Approved time-bound active assignment
m02-07-pim-user-administrator-audit-history.png,103897,C81C65315AA7F855A0D3A3FD8D00CD4E04866350BE91E461D0F55B615447C62B,Assignment activation approval and deactivation audit sequence
m02-08-pim-alerts-after-mfa-remediation.png,50662,7FF902CC1E90FA13ED426C6A16FC71762E5356646AE095FF5AD052AC7B8B2338,Post-remediation PIM alert state

